{"v":1,"lamport":2,"ops":[{"kind":"append_entry","text":"shadow report | {\"hit_categories\": {\"operational_directive\": 1}, \"hits\": 1, \"nuisance\": 1, \"proposals\": 15, \"proposals_per_session\": 1.3636363636363635, \"sentinel_probs\": {\"deciles\": [0.126953125, 0.26953125, 0.287109375, 0.47265625, 0.50390625, 0.64453125, 0.77734375, 0.77734375, 0.8828125], \"mean\": 0.5176432291666667, \"n\": 15}, \"sessions\": 11, \"stage2_abstained\": 13, \"stage3_abstained\": 0, \"steers\": 2, \"window_minutes\": 30}"}]}