{"v":1,"lamport":14,"ops":[{"kind":"append_entry","text":"{\"config\":{\"adapter_dir\":\"adapters/watcher-lora-best\",\"budget_no_steer_fire\":0.02,\"cell\":\"watcher_lora_threshold\",\"operating_point\":\"f1\",\"seed\":1729},\"config_hash\":\"3957b17c51b5\",\"dataset_digest\":\"a054d90e87d6f0a9\",\"experiment\":\"E2-cascade\",\"metrics\":{\"budget_f1\":0.5256410256410255,\"budget_fire_rate_on_no_steer\":0.011627906976744186,\"budget_fire_rate_overall\":0.21,\"budget_precision\":0.9761904761904762,\"budget_recall\":0.35964912280701755,\"budget_threshold\":0.2373046875,\"chosen_f1\":0.8230452674897119,\"chosen_fire_rate_on_no_steer\":0.3372093023255814,\"chosen_fire_rate_overall\":0.645,\"chosen_precision\":0.7751937984496124,\"chosen_recall\":0.8771929824561403,\"chosen_threshold\":0.8828125,\"f1best_f1\":0.8230452674897119,\"f1best_fire_rate_on_no_steer\":0.3372093023255814,\"f1best_fire_rate_overall\":0.645,\"f1best_precision\":0.7751937984496124,\"f1best_recall\":0.8771929824561403,\"f1best_threshold\":0.8828125,\"n_val\":200.0,\"threshold\":0.8828125},\"seed\":1729,\"verdict\":\"threshold 0.8828 [f1]: val R 0.877, fire@no-steer 0.337\"}"}]}