{"v":1,"lamport":3,"ops":[{"kind":"append_entry","text":"shadow report | {\"hit_categories\": {\"operational_directive\": 1, \"status_update\": 1}, \"hits\": 2, \"nuisance\": 0, \"proposals\": 17, \"proposals_per_session\": 1.3076923076923077, \"sentinel_probs\": {\"deciles\": [0.126953125, 0.26953125, 0.392578125, 0.47265625, 0.5703125, 0.64453125, 0.6875, 0.77734375, 0.8828125], \"mean\": 0.5307329963235294, \"n\": 17}, \"sessions\": 13, \"stage2_abstained\": 15, \"stage3_abstained\": 0, \"steers\": 2, \"window_minutes\": 30}"}]}