{"v":1,"lamport":15,"ops":[{"kind":"append_entry","text":"{\"config\":{\"backend\":\"tinker\",\"base\":\"Qwen/Qwen3-8B\",\"cell\":\"cell_8b_r16\",\"checkpoints\":[650,1300,1950,2608],\"lr\":0.0001,\"no_train_unembed\":true,\"rank\":16,\"seed\":1729,\"steps\":2608},\"config_hash\":\"2e7ca45261b3\",\"dataset_digest\":\"96c5503634cf9985\",\"experiment\":\"E8-generation\",\"metrics\":{\"best_step\":1950.0,\"best_tinker_auc\":0.9242096591494182,\"local_serve_auc_final\":0.9106683142827722,\"tinker_auc__step1300\":0.9199876428792092,\"tinker_auc__step1950\":0.9242096591494182,\"tinker_auc__step2608\":0.9182370507671712,\"tinker_auc__step650\":0.9032025538049635,\"train_cost_usd\":6.3539},\"seed\":1729,\"verdict\":\"cell_8b_r16: best tinker AUC 0.9242@1950 (curve peaks mid-epoch-2, final 0.9182); local-serve(final) 0.9107, dropped=[]; $6.35\"}"}]}