{"v":1,"lamport":4,"ops":[{"kind":"append_entry","text":"{\"config\":{\"C\":4.0,\"char_max_features\":300000,\"char_min_df\":5,\"family\":\"lexical\",\"model\":\"tfidf(word12+char35)+logreg-balanced\",\"seed\":1729,\"val_frac\":0.1,\"word_min_df\":5},\"config_hash\":\"3f70a770debd\",\"dataset_digest\":\"5c0fe74c2da083fe\",\"experiment\":\"retrain-gate\",\"metrics\":{\"ece_post_t\":0.2853796452842756,\"n_eval\":1364.0,\"pr_auc\":0.9361635677728888,\"pr_auc_pos_vs_hard\":0.9714350664932141,\"pr_auc_pos_vs_random\":0.9614604650911189,\"pr_auc_src_question_answer\":0.9210722116508563,\"pr_auc_src_transcript_message\":0.7360873395133503,\"prefilter_keep_frac_at_recall95\":0.9134897360703812,\"prefilter_keep_frac_at_recall99\":0.9787390029325513,\"prefilter_recall_at_recall95\":0.9508644222020018,\"prefilter_recall_at_recall99\":0.9899909008189263,\"recall_at_2per100_viewratio_proxy\":0.023657870791628753,\"reliability_max_gap\":0.5761326512488916,\"temperature\":0.689643655872063,\"threshold_at_2per100_viewratio_proxy\":0.9934778088260007},\"seed\":1729,\"verdict\":\"rejected (recall@2/100 0.0237 \u003c incumbent 0.0246); incumbent v001-20260708-abc1c312a2e8 stays \\u2014 pr_auc=0.9362 ece=0.2854 recall@2/100=0.0237 threshold=0.9935 (2007s)\"}"}]}