{"v":1,"lamport":17,"ops":[{"kind":"append_entry","text":"{\"config\":{\"base_8b\":\"mlx-community/Qwen3-8B-4bit\",\"cell\":\"winner_select\",\"seed\":1729,\"steps\":[1950,2608]},\"config_hash\":\"0a4f152050d2\",\"dataset_digest\":\"415281275e0b9c10\",\"experiment\":\"E8-generation\",\"metrics\":{\"local_auc__4b_iter1250\":0.9008341056533827,\"local_auc__8b_r16@1950\":0.9155596745958192,\"local_auc__8b_r16@2608\":0.9106683142827722,\"local_auc__8b_r32@1950\":0.9185974667902378,\"local_auc__8b_r32@2608\":0.9069611780455153,\"winner_local_auc\":0.9185974667902378,\"winner_threshold\":0.1533203125},\"seed\":1729,\"verdict\":\"winner 8b_r32@1950 by local sentinel AUC 0.9186 (budget threshold 0.1533, val recall 0.675); table {\\\"4b_iter1250\\\": 0.9008, \\\"8b_r16@1950\\\": 0.9156, \\\"8b_r16@2608\\\": 0.9107, \\\"8b_r32@1950\\\": 0.9186, \\\"8b_r32@2608\\\": 0.907}\"}"}]}