{"v":1,"lamport":4,"ops":[{"kind":"append_entry","text":"{\"config\":{\"cell\":\"fewshot_medium\",\"concurrency\":8,\"eval_indices_sha\":\"ec674ff502e1b19e\",\"eval_seed\":1729,\"example_char_cap\":1500,\"family\":\"fewshot-llm\",\"fewshot_seed\":1729,\"n_eval\":250,\"n_val\":60,\"notes\":\"spawnllm claude backend, tier medium (sonnet); same fixed few-shot examples and eval subset as fewshot_small\",\"seed\":1729,\"text_char_cap\":6000,\"tier\":\"medium\",\"timeout_s\":120},\"config_hash\":\"3eabb288ea2b\",\"dataset_digest\":\"cc007756a4c54ff8\",\"experiment\":\"E1-gate-bakeoff\",\"metrics\":{\"call_failures\":0.0,\"ece_post_t\":0.3574099369375793,\"eval_indices_sha\":\"ec674ff502e1b19e\",\"fewshot_example_ids\":[\"pos:a6c8341fd432b752c4433d62d87e45f6a3b4c549fd43a37dba20da29b701a75e:2\",\"pos:49a93407451016da624b23c71adfe4a919da77d1f11c6d6eda4d62d8cfa04bc1:4\",\"pos:d3eec4a175c8d38aafa8dbd2cfd828ff87d8a9230fabb691b327f2c4e846b005:5\",\"hard:0d8a9224f52224abc15e727a7d8fa297754fafe3516d7943ab9f884f5419e003\",\"rand:15bcba60-9492-4046-904d-c6afe48aa0b5:fcaedbdb-d3fe-4294-9ede-32bba06bb2aa\",\"hard:e8a0c9b243df4e84b5b98ee37025f25e9435b8f9119d0cbe0ae273aff7bdb203\"],\"latency_concurrency\":8.0,\"latency_ms_single\":3265.3905454837163,\"n_eval\":250.0,\"n_val\":60.0,\"parse_failures\":0.0,\"pr_auc\":0.8458074216537727,\"pr_auc_pos_vs_hard\":0.9345176994512672,\"pr_auc_pos_vs_random\":0.8988448778303265,\"pr_auc_src_question_answer\":0.7873870563924328,\"pr_auc_src_transcript_message\":0.5960994277674135,\"recall_at_2per100_viewratio_proxy\":0.00966183574879227,\"reliability_max_gap\":0.39664071564132775,\"temperature\":19.999993326174224,\"threshold_at_2per100_viewratio_proxy\":0.5304914651459156},\"seed\":1729,\"verdict\":\"fewshot-llm tier=medium: pr_auc=0.8458 on 250-row eval subset at view ratio, 3.3s/call, 0 parse / 0 call failures\"}"}]}