{"v":1,"lamport":6,"ops":[{"kind":"append_entry","text":"{\"config\":{\"arms\":{\"002\":{\"render_version\":2,\"threshold\":0.1533203125},\"v001\":{\"render_version\":1,\"threshold\":0.2373046875}},\"cell\":\"sweep_primary\",\"gate_percentiles\":[0.0,25.0,50.0,75.0,90.0,95.0,99.0],\"gate_version\":\"v001-20260708-abc1c312a2e8\",\"seed\":1729,\"stratification\":\"sidecar source_kind == 'question_answer'\"},\"config_hash\":\"e2b06036d895\",\"dataset_digest\":\"96c5503634cf9985\",\"experiment\":\"E11-threshold-geometry\",\"metrics\":{\"budget_prose_corr_cov__002\":0.3917525773195876,\"budget_prose_corr_cov__v001\":0.3917525773195876,\"budget_prose_corr_cov_hi__002\":0.4961249227759755,\"budget_prose_corr_cov_hi__v001\":0.4961249227759755,\"budget_prose_corr_cov_lo__002\":0.2941761236510293,\"budget_prose_corr_cov_lo__v001\":0.2941761236510293,\"budget_prose_ff_rate__002\":0.208955223880597,\"budget_prose_ff_rate__v001\":0.1828358208955224,\"budget_prose_ff_rate_hi__002\":0.26259808804085033,\"budget_prose_ff_rate_hi__v001\":0.23440920050958355,\"budget_prose_ff_rate_lo__002\":0.16187513744451063,\"budget_prose_ff_rate_lo__v001\":0.13843114603797008,\"budget_sentinel_threshold__002\":0.47265625,\"budget_sentinel_threshold__v001\":0.64453125,\"cid_auc_ceiling\":0.6,\"cid_trip\":0.0,\"cur_ff_rate\":0.026119402985074626,\"cur_ff_rate_hi\":0.05307311778764331,\"cur_ff_rate_lo\":0.01056444689579493,\"cur_fires_per_100\":28.081123244929795,\"cur_prose_corr_cov\":0.2268041237113402,\"cur_prose_corr_fired\":22.0,\"cur_prose_corr_n\":97.0,\"cur_threshold\":0.2373046875,\"gate2d_ff_rate__002\":0.03731343283582089,\"gate2d_ff_rate__v001\":0.033582089552238806,\"gate2d_gate_threshold__002\":0.9002997215721955,\"gate2d_gate_threshold__v001\":0.0020970454278422855,\"gate2d_prose_corr_cov__002\":0.24742268041237114,\"gate2d_prose_corr_cov__v001\":0.23711340206185566,\"gate2d_prose_corr_cov_hi__002\":0.34541917102123154,\"gate2d_prose_corr_cov_hi__v001\":0.3342441938139318,\"gate2d_prose_corr_cov_lo__002\":0.16540822489590334,\"gate2d_prose_corr_cov_lo__v001\":0.15663318627320152,\"gate2d_prose_corr_fired__002\":24.0,\"gate2d_prose_corr_fired__v001\":23.0,\"gate2d_sentinel_threshold__002\":0.6875,\"gate2d_sentinel_threshold__v001\":0.287109375,\"prose_auc__002\":0.7110874200426439,\"prose_auc__v001\":0.7041933191186922,\"prose_auc_hi__002\":0.7628465183054215,\"prose_auc_hi__v001\":0.759753693807405,\"prose_auc_lo__002\":0.6563162404070766,\"prose_auc_lo__v001\":0.6471089621704601,\"qa_fired__002\":211.0,\"qa_fired__v001\":151.0,\"qa_recall__002\":0.7873134328358209,\"qa_recall__v001\":0.5634328358208955,\"qa_recall_hi__002\":0.8347499431473376,\"qa_recall_hi__v001\":0.6236824265137226,\"qa_recall_lo__002\":0.7334002033511018,\"qa_recall_lo__v001\":0.5017647847720592,\"rule_ff_rate__002\":0.029850746268656716,\"rule_ff_rate__v001\":0.033582089552238806,\"rule_ff_rate_hi__002\":0.05796835231552259,\"rule_ff_rate_hi__v001\":0.06278990513371578,\"rule_ff_rate_lo__002\":0.012973750521693186,\"rule_ff_rate_lo__v001\":0.015468698373986577,\"rule_prose_corr_cov__002\":0.010309278350515464,\"rule_prose_corr_cov__v001\":0.23711340206185566,\"rule_prose_corr_cov_hi__002\":0.05610415410509188,\"rule_prose_corr_cov_hi__v001\":0.3342441938139318,\"rule_prose_corr_cov_lo__002\":0.0002609742700242055,\"rule_prose_corr_cov_lo__v001\":0.15663318627320152,\"rule_prose_corr_fired__002\":1.0,\"rule_prose_corr_fired__v001\":23.0,\"rule_prose_threshold__002\":0.1357421875,\"rule_prose_threshold__v001\":0.3046875,\"rule_rule_pass__002\":0.0,\"rule_rule_pass__v001\":0.0},\"seed\":1729,\"verdict\":\"E11 sweep [primary: qa = sidecar source_kind == 'question_answer'] v001 prose_auc=0.704 [0.647, 0.760] qa_recall@reg=0.563; 002 prose_auc=0.711 [0.656, 0.763] qa_recall@reg=0.787 (QA stratum has zero negatives: ROC undefined there by construction). Baseline v001@0.2373: ff 0.026 [0.011, 0.053], prose corrective 22/97. Rule: v001 rule_pass=0 cov=0.237 (cur 0.227) ff=0.034; 002 rule_pass=0 cov=0.010 (cur 0.227) ff=0.030. CID trip: False.\"}"}]}