{"v":1,"lamport":18,"ops":[{"kind":"append_entry","text":"{\"config\":{\"adapter\":\"8b_r32@1950\",\"cell\":\"winner_drafts\",\"decoding\":\"greedy\",\"seed\":1729,\"threshold\":0.1533203125},\"config_hash\":\"d6446626b680\",\"dataset_digest\":\"96c5503634cf9985\",\"experiment\":\"E8-generation\",\"metrics\":{\"attractor_share\":0.018018018018018018,\"base_rate\":0.5819032761310452,\"fire_rate\":0.3463338533541342,\"grounding_context_grounded_share\":0.5945945945945946,\"grounding_mean_context_overlap\":0.3918254227452577,\"grounding_mean_gap\":0.07077441533960253,\"grounding_mean_nearest_train_overlap\":0.3210510074056552,\"grounding_n\":222.0,\"n_eval\":641.0,\"threshold\":0.1533203125},\"seed\":1729,\"verdict\":\"winner_drafts: 641 eval-v2 drafts, fire rate 0.346, attractor share 0.018, grounding gap +0.071 (context 0.392 vs train 0.321)\"}"}]}