{"v":1,"lamport":7,"ops":[{"kind":"append_entry","text":"shadow report | {\"hit_categories\": {\"direction\": 1, \"new_task\": 2, \"operational_directive\": 1, \"status_update\": 3}, \"hits\": 7, \"nuisance\": 11, \"proposals\": 51, \"proposals_per_session\": 1.5454545454545454, \"sentinel_probs\": {\"deciles\": [0.1123046875, 0.1123046875, 0.1123046875, 0.287109375, 0.47265625, 0.60546875, 0.6875, 0.77734375, 0.8828125], \"mean\": 0.45980775122549017, \"n\": 51}, \"sessions\": 33, \"stage2_abstained\": 33, \"stage3_abstained\": 0, \"steers\": 18, \"window_minutes\": 30}"}]}