{"v":1,"lamport":7,"ops":[{"kind":"append_entry","text":"{\"config\":{\"arms\":{\"002\":{\"render_version\":2,\"threshold\":0.1533203125},\"v001\":{\"render_version\":1,\"threshold\":0.2373046875}},\"cell\":\"sweep_secondary\",\"gate_percentiles\":[0.0,25.0,50.0,75.0,90.0,95.0,99.0],\"gate_version\":\"v001-20260708-abc1c312a2e8\",\"seed\":1729,\"stratification\":\"final_assistant ask-block proxy\"},\"config_hash\":\"5def345c9b12\",\"dataset_digest\":\"96c5503634cf9985\",\"experiment\":\"E11-threshold-geometry\",\"metrics\":{\"budget_prose_corr_cov__002\":0.39603960396039606,\"budget_prose_corr_cov__v001\":0.39603960396039606,\"budget_prose_corr_cov_hi__002\":0.49825592150743486,\"budget_prose_corr_cov_hi__v001\":0.49825592150743486,\"budget_prose_corr_cov_lo__002\":0.3000869525332424,\"budget_prose_corr_cov_lo__v001\":0.3000869525332424,\"budget_prose_ff_rate__002\":0.208955223880597,\"budget_prose_ff_rate__v001\":0.1828358208955224,\"budget_prose_ff_rate_hi__002\":0.26259808804085033,\"budget_prose_ff_rate_hi__v001\":0.23440920050958355,\"budget_prose_ff_rate_lo__002\":0.16187513744451063,\"budget_prose_ff_rate_lo__v001\":0.13843114603797008,\"budget_sentinel_threshold__002\":0.47265625,\"budget_sentinel_threshold__v001\":0.64453125,\"cur_ff_rate\":0.026119402985074626,\"cur_ff_rate_hi\":0.05307311778764331,\"cur_ff_rate_lo\":0.01056444689579493,\"cur_fires_per_100\":28.081123244929795,\"cur_prose_corr_cov\":0.21782178217821782,\"cur_prose_corr_fired\":22.0,\"cur_prose_corr_n\":101.0,\"cur_threshold\":0.2373046875,\"delta_budget_prose_corr_cov__002\":0.004287026640808433,\"delta_budget_prose_corr_cov__v001\":0.004287026640808433,\"delta_cur_ff_rate\":0.0,\"delta_cur_prose_corr_cov\":-0.008982341533122384,\"delta_gate2d_prose_corr_cov__002\":0.00010207206287637938,\"delta_gate2d_prose_corr_cov__v001\":-0.00939062978462793,\"delta_prose_auc__002\":-0.03136105188343996,\"delta_prose_auc__v001\":-0.02620594119350328,\"delta_qa_recall__002\":0.20794723067128806,\"delta_qa_recall__v001\":0.1522069746056447,\"delta_rule_ff_rate__002\":0.0,\"delta_rule_ff_rate__v001\":0.0,\"delta_rule_prose_corr_cov__002\":0.009492701847504338,\"delta_rule_prose_corr_cov__v001\":-0.00939062978462793,\"gate2d_ff_rate__002\":0.04477611940298507,\"gate2d_ff_rate__v001\":0.022388059701492536,\"gate2d_gate_threshold__002\":0.9002997215721955,\"gate2d_gate_threshold__v001\":0.9454098615259465,\"gate2d_prose_corr_cov__002\":0.24752475247524752,\"gate2d_prose_corr_cov__v001\":0.22772277227722773,\"gate2d_prose_corr_cov_hi__002\":0.34334815909302263,\"gate2d_prose_corr_cov_hi__v001\":0.32184552032972036,\"gate2d_prose_corr_cov_lo__002\":0.1670326181104594,\"gate2d_prose_corr_cov_lo__v001\":0.15016538348747163,\"gate2d_prose_corr_fired__002\":25.0,\"gate2d_prose_corr_fired__v001\":23.0,\"gate2d_sentinel_threshold__002\":0.8828125,\"gate2d_sentinel_threshold__v001\":0.53515625,\"prose_auc__002\":0.679726368159204,\"prose_auc__v001\":0.6779873779251889,\"prose_auc_hi__002\":0.7286319993005768,\"prose_auc_hi__v001\":0.72816253108062,\"prose_auc_lo__002\":0.6293517288852379,\"prose_auc_lo__v001\":0.6260747512742326,\"qa_fired__002\":210.0,\"qa_fired__v001\":151.0,\"qa_recall__002\":0.995260663507109,\"qa_recall__v001\":0.7156398104265402,\"qa_recall_hi__002\":0.9998800175871655,\"qa_recall_hi__v001\":0.7754538165269734,\"qa_recall_lo__002\":0.9738784010719271,\"qa_recall_lo__v001\":0.649654335024996,\"rule_ff_rate__002\":0.029850746268656716,\"rule_ff_rate__v001\":0.033582089552238806,\"rule_ff_rate_hi__002\":0.05796835231552259,\"rule_ff_rate_hi__v001\":0.06278990513371578,\"rule_ff_rate_lo__002\":0.012973750521693186,\"rule_ff_rate_lo__v001\":0.015468698373986577,\"rule_prose_corr_cov__002\":0.019801980198019802,\"rule_prose_corr_cov__v001\":0.22772277227722773,\"rule_prose_corr_cov_hi__002\":0.06970508979492442,\"rule_prose_corr_cov_hi__v001\":0.32184552032972036,\"rule_prose_corr_cov_lo__002\":0.00240717290925799,\"rule_prose_corr_cov_lo__v001\":0.15016538348747163,\"rule_prose_corr_fired__002\":2.0,\"rule_prose_corr_fired__v001\":23.0,\"rule_prose_threshold__002\":0.1357421875,\"rule_prose_threshold__v001\":0.3046875,\"rule_rule_pass__002\":0.0,\"rule_rule_pass__v001\":0.0},\"seed\":1729,\"verdict\":\"E11 sweep [secondary: qa = final_assistant ask-block proxy] v001 prose_auc=0.678 [0.626, 0.728] qa_recall@reg=0.716; 002 prose_auc=0.680 [0.629, 0.729] qa_recall@reg=0.995 (QA stratum has zero negatives: ROC undefined there by construction). Baseline v001@0.2373: ff 0.026 [0.011, 0.053], prose corrective 22/101. Rule: v001 rule_pass=0 cov=0.228 (cur 0.218) ff=0.034; 002 rule_pass=0 cov=0.020 (cur 0.218) ff=0.030.\"}"}]}