{"v":1,"lamport":2,"ops":[{"kind":"append_entry","text":"{\"config\":{\"C\":4.0,\"char_max_features\":300000,\"char_min_df\":5,\"family\":\"lexical\",\"model\":\"tfidf(word12+char35)+logreg-balanced\",\"seed\":1729,\"val_frac\":0.1,\"word_min_df\":5},\"config_hash\":\"3f70a770debd\",\"dataset_digest\":\"982b446821535ff8\",\"experiment\":\"retrain-gate\",\"metrics\":{\"ece_post_t\":0.28110429894390415,\"n_eval\":1364.0,\"pr_auc\":0.9361200458970723,\"pr_auc_pos_vs_hard\":0.9727819500976594,\"pr_auc_pos_vs_random\":0.9599516810086652,\"pr_auc_src_question_answer\":0.9192319137485482,\"pr_auc_src_transcript_message\":0.745770804597764,\"prefilter_keep_frac_at_recall95\":0.9112903225806451,\"prefilter_keep_frac_at_recall99\":0.9758064516129032,\"prefilter_recall_at_recall95\":0.9517743403093721,\"prefilter_recall_at_recall99\":0.9899909008189263,\"recall_at_2per100_viewratio_proxy\":0.02456778889899909,\"reliability_max_gap\":0.6100677691057741,\"temperature\":0.7466801710324974,\"threshold_at_2per100_viewratio_proxy\":0.9904598443257714},\"seed\":1729,\"verdict\":\"promoted v001-20260708-abc1c312a2e8 (no incumbent) \\u2014 pr_auc=0.9361 ece=0.2811 recall@2/100=0.0246 threshold=0.9905 (121s)\"}"}]}