{"v":1,"lamport":11,"ops":[{"kind":"append_entry","text":"{\"config\":{\"budget_no_steer_fire\":0.02,\"cell\":\"auc\",\"operating_point\":\"budget\",\"seed\":1729},\"config_hash\":\"e5e1f1f03249\",\"dataset_digest\":\"17edbd4f163c12b7\",\"experiment\":\"E8-generation\",\"metrics\":{\"auc__final\":0.8938317372052312,\"auc__iter1000\":0.893986201215117,\"auc__iter1250\":0.9008341056533827,\"auc__iter1500\":0.8972299454227165,\"auc__iter1750\":0.8821954484605087,\"auc__iter2000\":0.8914632890536506,\"auc__iter2250\":0.8725157038410052,\"auc__iter250\":0.8797240243023375,\"auc__iter2500\":0.888682936875708,\"auc__iter500\":0.8936772731953455,\"auc__iter750\":0.8946040572546596,\"best_val_auc\":0.9008341056533827,\"budget_f1\":0.7897435897435897,\"budget_fire_rate_on_no_steer\":0.012048192771084338,\"budget_fire_rate_overall\":0.39,\"budget_precision\":0.9871794871794872,\"budget_recall\":0.6581196581196581,\"budget_threshold\":0.287109375,\"n_val\":200.0,\"threshold_budget\":0.287109375,\"threshold_f1\":0.5703125},\"seed\":1729,\"verdict\":\"best checkpoint iter1250: val AUC 0.9008; budget threshold 0.2871 (val R 0.658, fire@no-steer 0.012)\"}"}]}