{"v":1,"lamport":4,"ops":[{"kind":"append_entry","text":"shadow report | {\"hit_categories\": {\"(unjudged)\": 5, \"operational_directive\": 1, \"status_update\": 1}, \"hits\": 7, \"nuisance\": 10, \"proposals\": 42, \"proposals_per_session\": 1.4482758620689655, \"sentinel_probs\": {\"deciles\": [0.1123046875, 0.1123046875, 0.1123046875, 0.126953125, 0.47265625, 0.5703125, 0.64453125, 0.77734375, 0.8828125], \"mean\": 0.42420014880952384, \"n\": 42}, \"sessions\": 29, \"stage2_abstained\": 25, \"stage3_abstained\": 0, \"steers\": 17, \"window_minutes\": 30}"}]}