{"v":1,"lamport":5,"ops":[{"kind":"append_entry","text":"shadow report | {\"hit_categories\": {\"direction\": 1, \"new_task\": 2, \"operational_directive\": 1, \"status_update\": 3}, \"hits\": 7, \"nuisance\": 11, \"proposals\": 50, \"proposals_per_session\": 1.5151515151515151, \"sentinel_probs\": {\"deciles\": [0.1123046875, 0.1123046875, 0.1123046875, 0.287109375, 0.50390625, 0.60546875, 0.6875, 0.77734375, 0.8828125], \"mean\": 0.46068359375, \"n\": 50}, \"sessions\": 33, \"stage2_abstained\": 32, \"stage3_abstained\": 0, \"steers\": 18, \"window_minutes\": 30}"}]}