{"v":1,"lamport":13,"ops":[{"kind":"append_entry","text":"{\"config\":{\"cell\":\"watcher_lora_auc_curve\",\"checkpoints\":[500,750,1000,1250,1500,1520],\"n_val\":200,\"score\":\"first_token_P(NO_STEER) AUC on val\",\"seed\":1729},\"config_hash\":\"75074435dd49\",\"dataset_digest\":\"a054d90e87d6f0a9\",\"experiment\":\"E2-cascade\",\"metrics\":{\"auc_iter_1000\":0.8461852305181559,\"auc_iter_1250\":0.8396572827417381,\"auc_iter_1500\":0.843329253365973,\"auc_iter_1520\":0.8534271725826192,\"auc_iter_500\":0.8158404732762139,\"auc_iter_750\":0.8134944920440637,\"best_auc\":0.8534271725826192,\"best_iter\":1520.0},\"seed\":1729,\"verdict\":\"best watcher-lora = iter 1520 (val AUC 0.853); staged to watcher-lora-best\"}"}]}