{"v":1,"lamport":16,"ops":[{"kind":"append_entry","text":"{\"config\":{\"backend\":\"tinker\",\"base\":\"Qwen/Qwen3-8B\",\"cell\":\"cell_8b_r32\",\"checkpoints\":[650,1300,1950,2608],\"lr\":0.0001,\"no_train_unembed\":true,\"rank\":32,\"seed\":1729,\"steps\":2608},\"config_hash\":\"e21d33f970e2\",\"dataset_digest\":\"96c5503634cf9985\",\"experiment\":\"E8-generation\",\"metrics\":{\"best_step\":1950.0,\"best_tinker_auc\":0.9264751312944085,\"local_serve_auc_final\":0.9069611780455153,\"tinker_auc__step1300\":0.9152507465760478,\"tinker_auc__step1950\":0.9264751312944085,\"tinker_auc__step2608\":0.9096900422201627,\"tinker_auc__step650\":0.9040263618576871,\"train_cost_usd\":6.3539},\"seed\":1729,\"verdict\":\"cell_8b_r32: best tinker AUC 0.9265@1950 (curve peaks mid-epoch-2, final 0.9097); local-serve(final) 0.9070, dropped=[]; $6.35\"}"}]}